domain	domain_type	bias
whitehouse.gov	right	conservative
972mag.com	leftcenter	liberal
americanimmigrationcouncil.org	leftcenter	liberal
9news.com	center	center
americamagazine.org	leftcenter	liberal
amny.com	leftcenter	liberal
allgov.com	leftcenter	liberal
alliedprogress.org	leftcenter	liberal
albertaviews.ca	leftcenter	liberal
timesunion.com	leftcenter	liberal
adn.com	leftcenter	liberal
al-sura.com	leftcenter	liberal
guttmacher.org	leftcenter	liberal
zootfeed.com	fake-news	conservative
democraticunderground.com	left	liberal
leftwingnation.org	left	liberal
leftvoice.org	left	liberal
nationalmemo.com	left	liberal
stpete4peace.org	left	liberal
zcomm.org	left	liberal
yourblackworld.net	left	liberal
tytnetwork.com	left	liberal
wsws.org	left	liberal
yesmagazine.org	left	liberal
workers.org	left	liberal
whowhatwhy.org	left	liberal
wonkette.com	left	liberal
whitehousewatch.com	left	liberal
washingtonpress.com	left	liberal
whatmattersnews.com	left	liberal
wearyourvoicemag.com	left	liberal
wehuntedthemammoth.com	left	liberal
washingtonian.com	left	liberal
washingtonsources.org	left	liberal
washingtondailywire.com	left	liberal
wallstreetonparade.com	left	liberal
vote.us.org	left	liberal
viraltitle.com	left	liberal
washingtonbabylon.com	left	liberal
verrit.com	left	liberal
vermontindependent.org	left	liberal
vox.com	left	liberal
verifiedpolitics.com	left	liberal
vanityfair.com	left	liberal
truthdig.com	left	liberal
upworthy.com	left	liberal
truthagainstthemachine.com	left	liberal
truthout.org	left	liberal
uproxx.com	left	liberal
tribunemagazine.org	left	liberal
theoswatch.com	left	liberal
treehugger.com	left	liberal
thegrio.com	left	liberal
thinkprogress.org	left	liberal
towleroad.com	left	liberal
them.us	left	liberal
this.org	left	liberal
worldcantwait.net	left	liberal
texasobserver.org	left	liberal
thelasource.com	left	liberal
theroot.com	left	liberal
thesternfacts.com	left	liberal
theweek.com	left	liberal
villagevoice.com	left	liberal
thewalrus.ca	left	liberal
samefacts.com	left	liberal
progressivefrontier.com	left	liberal
palestinechronicle.com	left	liberal
progressive.org	left	liberal
thenewcivilrightsmovement.com	left	liberal
theoutline.com	left	liberal
morningstaronline.co.uk	left	liberal
thenation.com	left	liberal
themilitant.com	left	liberal
themarysue.com	left	liberal
thelondoneconomic.com	left	liberal
thelily.com	left	liberal
indypendent.org	left	liberal
mavenroundtable.io	left	liberal
theimproper.com	left	liberal
ghionjournal.com	left	liberal
thefrisky.com	left	liberal
dworkinreport.com	left	liberal
thefloridasqueeze.com	left	liberal
theestablishment.co	left	liberal
thedodo.com	left	liberal
democratichub.com	left	liberal
thedailyvox.co.za	left	liberal
thedailybanter.com	left	liberal
the-daily.buzz	left	liberal
climaterealityproject.org	left	liberal
daily49er.com	left	liberal
thecanary.co	left	liberal
theburningspear.com	left	liberal
theblueroute.org	left	liberal
austinchronicle.com	left	liberal
prospect.org	left	liberal
americanindependent.com	left	liberal
talkingpointsmemo.com	left	liberal
telesurtv.net	left	liberal
teenvogue.com	left	liberal
advocate.com	left	liberal
syriana-analysis.com	left	liberal
takepart.com	left	liberal
socialistworker.org	left	liberal
sourcepolitics.com	left	liberal
splinternews.com	left	liberal
splcenter.org	left	liberal
sourcewatch.org	left	liberal
worldsocialism.org	left	liberal
readsludge.com	left	liberal
smirkingchimp.com	left	liberal
shareblue.com	left	liberal
shondaland.com	left	liberal
shadowproof.com	left	liberal
slate.com	left	liberal
salon.com	left	liberal
scarymommy.com	left	liberal
reverepress.com	left	liberal
reverbpress.news	left	liberal
trofire.com	left	liberal
rightwingwatch.org	left	liberal
rewire.news	left	liberal
revcom.us	left	liberal
republicreport.org	left	liberal
resilience.org	left	liberal
redstatedisaster.com	left	liberal
redyouth.org	left	liberal
redpepper.org.uk	left	liberal
republicanssucks.org	left	liberal
thelastlineofdefense.org	satire	conservative
yankeeinstitute.org	right-center	conservative
windsorstar.com	right-center	conservative
sungazette.com	right-center	conservative
cbs12.com	right-center	conservative
news-herald.com	right-center	conservative
watchdog.org	right-center	conservative
rep-am.com	right-center	conservative
kansas.com	right-center	conservative
wsj.com	right-center	conservative
readersupportednews.org	left	liberal
rawstory.com	left	liberal
therealnews.com	left	liberal
readingthepictures.org	left	liberal
rawprogressive.com	left	liberal
rappler.com	left	liberal
rantt.com	left	liberal
rabble.ca	left	liberal
putintrump.org	left	liberal
queerty.com	left	liberal
projectcensored.org	left	liberal
proudemocrat.com	left	liberal
pravdareport.com	left	liberal
progressiveliberal.net	left	liberal
pressprogress.ca	left	liberal
progressivearmy.com	left	liberal
popularresistance.org	left	liberal
politicususa.com	left	liberal
politicalupdater.com	left	liberal
popular.info	left	liberal
politizoom.com	left	liberal
politicaldig.com	left	liberal
politicaltribune.org	left	liberal
pinknews.co.uk	left	liberal
peacock-panache.com	left	liberal
photographyisnotacrime.com	left	liberal
pfaw.org	left	liberal
people.com	left	liberal
pastemagazine.com	left	liberal
out.com	left	liberal
ourvoiceny.com	left	liberal
nowtoronto.com	left	liberal
opednews.com	left	liberal
nova-magazine.net	left	liberal
onegreenplanet.org	left	liberal
occupy.com	left	liberal
shu.plus	satire	liberal
ourlandofthefree.com	satire	conservative
vancouversun.com	right-center	conservative
valuewalk.com	right-center	conservative
tulsaworld.com	right-center	conservative
cjonline.com	right-center	conservative
toledoblade.com	right-center	conservative
washingtoninstitute.org	right-center	conservative
thewest.com.au	right-center	conservative
tnonline.com	right-center	conservative
timeslive.co.za	right-center	conservative
winchesterstar.com	right-center	conservative
timesofindia.indiatimes.com	right-center	conservative
thetimes.co.uk	right-center	conservative
spokesman.com	right-center	conservative
thestreet.com	right-center	conservative
thetimesherald.com	right-center	conservative
tennessean.com	right-center	conservative
straitstimes.com	right-center	conservative
theitem.com	right-center	conservative
spectator.us	right-center	conservative
spectator.co.uk	right-center	conservative
oklahoman.com	right-center	conservative
thequint.com	right-center	conservative
thesorrentino.com	right-center	conservative
post-journal.com	right-center	conservative
pe.com	right-center	conservative
thesmokinggun.com	right-center	conservative
theobjectivestandard.com	right-center	conservative
international.thenewslens.com	right-center	conservative
jewishpress.com	right-center	conservative
theledger.com	right-center	conservative
thelibertarianrepublic.com	right-center	conservative
thenewatlantis.com	right-center	conservative
thenational.ae	right-center	conservative
nation.com.pk	right-center	conservative
jamestown.org	right-center	conservative
newsweek.com	left	liberal
the-japan-news.com	right-center	conservative
north99.org	left	liberal
newshounds.us	left	liberal
newslogue.com	left	liberal
newsone.com	left	liberal
thejacknews.com	right-center	conservative
newscorpse.com	left	liberal
nymag.com	left	liberal
newyorker.com	left	liberal
newpol.org	left	liberal
amsterdamnews.com	left	liberal
newint.org	left	liberal
newrepublic.com	left	liberal
newstatesman.com	left	liberal
nationofchange.org	left	liberal
nrdc.org	left	liberal
msnbc.com	left	liberal
mondoweiss.net	left	liberal
modernliberals.com	left	liberal
moonofalabama.org	left	liberal
molad.org	left	liberal
msmagazine.com	left	liberal
miaminewtimes.com	left	liberal
middleeastmonitor.com	left	liberal
merryjane.com	left	liberal
meanlefthook.com	left	liberal
mediamatters.org	left	liberal
mediaite.com	left	liberal
meduza.io	left	liberal
mashable.com	left	liberal
littlegreenfootballs.com	left	liberal
liberationnews.org	left	liberal
samuel-warde.com	left	liberal
lgbtqnation.com	left	liberal
liberalexaminer.com	left	liberal
leftscoop.com	left	liberal
libcom.org	left	liberal
liberalamerica.life	left	liberal
independent.org	right-center	conservative
theglobeandmail.com	right-center	conservative
elkharttruth.com	right-center	conservative
thegazette.com	right-center	conservative
theecjournal.com	right-center	conservative
thefiscaltimes.com	right-center	conservative
durangoherald.com	right-center	conservative
thedispatch.com	right-center	conservative
daltondailycitizen.com	right-center	conservative
citizen.co.za	right-center	conservative
thechronicleherald.ca	right-center	conservative
couriermail.com.au	right-center	conservative
thebulwark.com	right-center	conservative
thebrunswicknews.com	right-center	conservative
theaustralian.com.au	right-center	conservative
the-american-interest.com	right-center	conservative
chronicle.augusta.com	right-center	conservative
theamericanconservative.com	right-center	conservative
algemeiner.com	right-center	conservative
tharawat-magazine.com	right-center	conservative
taxfoundation.org	right-center	conservative
tallahassee.com	right-center	conservative
tbo.com	right-center	conservative
studentnewsdaily.com	right-center	conservative
statesmanjournal.com	right-center	conservative
sun-sentinel.com	right-center	conservative
sofrep.com	right-center	conservative
savannahnow.com	right-center	conservative
thestarphoenix.com	right-center	conservative
sbsun.com	right-center	conservative
srnnews.com	right-center	conservative
republicworld.com	right-center	conservative
richmond.com	right-center	conservative
remingtonresearchgroup.com	right-center	conservative
cato.org	right-center	conservative
leaderpost.com	right-center	conservative
valleynewslive.com	right-center	conservative
reason.com	right-center	conservative
realclearreligion.org	right-center	conservative
leftsideofhistory.com	left	liberal
realclearpolitics.com	right-center	conservative
leftoverrights.com	left	liberal
leftfootforward.org	left	liberal
laweekly.com	left	liberal
lavendermagazine.com	left	liberal
latest.com	left	liberal
jezebel.com	left	liberal
jacobinmag.com	left	liberal
itsgoingdown.org	left	liberal
intrepidreport.com	left	liberal
iowastartingline.com	left	liberal
ips-dc.org	left	liberal
internationalviewpoint.org	left	liberal
inequalitymedia.org	left	liberal
juancole.com	left	liberal
inthesetimes.com	left	liberal
huffpost.com	left	liberal
hrc.org	left	liberal
marxist.com	left	liberal
hillreporter.com	left	liberal
theguardiansofdemocracy.com	left	liberal
haaretz.com	left	liberal
guardianlv.com	left	liberal
greenvillegazette.com	left	liberal
gritpost.com	left	liberal
greenleft.org.au	left	liberal
good.is	left	liberal
bradford-delong.com	left	liberal
gq.com	left	liberal
globalvoices.org	left	liberal
gizmodo.com	left	liberal
realclearinvestigations.com	right-center	conservative
realclearpolicy.com	right-center	conservative
rasmussenreports.com	right-center	conservative
rare.us	right-center	conservative
realcleardefense.com	right-center	conservative
punchingbagpost.com	right-center	conservative
rstreet.org	right-center	conservative
postbulletin.com	right-center	conservative
policyed.org	right-center	conservative
triblive.com	right-center	conservative
peninsuladailynews.com	right-center	conservative
post-gazette.com	right-center	conservative
pacificresearch.org	right-center	conservative
ottawasun.com	right-center	conservative
ottawacitizen.com	right-center	conservative
oregonlive.com	right-center	conservative
opendoorsusa.org	right-center	conservative
omaha.com	right-center	conservative
oaoa.com	right-center	conservative
asia.nikkei.com	right-center	conservative
ntd.com	right-center	conservative
news-gazette.com	right-center	conservative
newsrescue.com	right-center	conservative
newsheist.com	right-center	conservative
news.com.au	right-center	conservative
observer.com	right-center	conservative
nypost.com	right-center	conservative
nos.nl	right-center	conservative
nationalpost.com	right-center	conservative
geopoliticsalert.com	left	liberal
freespeech.org	left	liberal
frontpagelive.com	left	liberal
frnewsreport.com	left	liberal
ffrf.org	left	liberal
freepress.org	left	liberal
freedomnews.org.uk	left	liberal
foreignpolicynews.org	left	liberal
foreignpolicyjournal.com	left	liberal
foodandwaterwatch.org	left	liberal
firstpost.com	left	liberal
filmingcops.com	left	liberal
thefifthcolumnnews.com	left	liberal
fifthestate.org	left	liberal
feministcurrent.com	left	liberal
feministing.com	left	liberal
evonomics.com	left	liberal
extranewsfeed.com	left	liberal
everydayfeminism.com	left	liberal
esquire.com	left	liberal
elitedaily.com	left	liberal
elisabethparker.com	left	liberal
electronicintifada.net	left	liberal
electoral-vote.com	left	liberal
egbertowillies.com	left	liberal
earthfirstjournal.org	left	liberal
dissentmagazine.org	left	liberal
drudge.com	left	liberal
metrotimes.com	left	liberal
desmogblog.com	left	liberal
nationalinterest.org	right-center	conservative
nationalaffairs.com	right-center	conservative
mynorthwest.com	right-center	conservative
montrealgazette.com	right-center	conservative
mercatus.org	right-center	conservative
marginalrevolution.com	right-center	conservative
marketwatch.com	right-center	conservative
manilatimes.net	right-center	conservative
malaysia-today.net	right-center	conservative
macleans.ca	right-center	conservative
mackinac.org	right-center	conservative
lynx.media	right-center	conservative
dailynews.com	right-center	conservative
lfpress.com	right-center	conservative
standard.co.uk	right-center	conservative
lbc.co.uk	right-center	conservative
listverse.com	right-center	conservative
libertarianism.org	right-center	conservative
lexingtoninstitute.org	right-center	conservative
learnliberty.org	right-center	conservative
reviewjournal.com	right-center	conservative
leicestermercury.co.uk	right-center	conservative
lmtonline.com	right-center	conservative
kutv.com	right-center	conservative
koreaherald.com	right-center	conservative
justfactsdaily.com	right-center	conservative
justfacts.com	right-center	conservative
jewishjournal.com	right-center	conservative
jns.org	right-center	conservative
jewishbreakingnews.com	right-center	conservative
jpost.com	right-center	conservative
israelhayom.com	right-center	conservative
japantoday.com	right-center	conservative
itv.com	right-center	conservative
democracynow.org	left	liberal
deepsouthvoice.com	left	liberal
democracyguardian.com	left	liberal
democracychronicles.org	left	liberal
deathandtaxesmag.com	left	liberal
deadspin.com	left	liberal
deadstate.org	left	liberal
dallasvoice.com	left	liberal
dailynewsbin.com	left	liberal
dailysoundandfury.com	left	liberal
dailyrecord.co.uk	left	liberal
dailykos.com	left	liberal
currentaffairs.org	left	liberal
curvemag.com	left	liberal
thedailybeast.com	left	liberal
dailydot.com	left	liberal
crooked.com	left	liberal
crooksandliars.com	left	liberal
crimethinc.com	left	liberal
counterpunch.org	left	liberal
cosmopolitan.com	left	liberal
commondreams.org	left	liberal
copblock.org	left	liberal
countercurrents.org	left	liberal
comicsands.com	left	liberal
columbusfreepress.com	left	liberal
codepink.org	left	liberal
independent.ie	right-center	conservative
insidesources.com	right-center	conservative
edition.cnn.com	left	liberal
theihs.org	right-center	conservative
inforum.com	right-center	conservative
indiatimes.com	right-center	conservative
inhomelandsecurity.com	right-center	conservative
india.com	right-center	conservative
honestreporting.com	right-center	conservative
humanprogress.org	right-center	conservative
hoover.org	right-center	conservative
thehindubusinessline.com	right-center	conservative
heterodoxacademy.org	right-center	conservative
heraldsun.com.au	right-center	conservative
guns.com	right-center	conservative
mlive.com	right-center	conservative
gp.se	right-center	conservative
gulfnews.com	right-center	conservative
freedomhouse.org	right-center	conservative
greeleytribune.com	right-center	conservative
freedomalliance.org	right-center	conservative
fraserinstitute.org	right-center	conservative
franklincenterhq.org	right-center	conservative
fee.org	right-center	conservative
star-telegram.com	right-center	conservative
fortune.com	right-center	conservative
foxbusiness.com	right-center	conservative
fortnightlyreview.co.uk	right-center	conservative
fbherald.com	right-center	conservative
citizencritics.org	left	liberal
chroniclesofdemocracy.com	left	liberal
chicagoreader.com	left	liberal
change.org	left	liberal
c4ss.org	left	liberal
china.org.cn	left	liberal
americanprogress.org	left	liberal
prwatch.org	left	liberal
care2.com	left	liberal
canadiandimension.com	left	liberal
capitalandmain.com	left	liberal
canadafactcheck.ca	left	liberal
bust.com	left	liberal
bostonreview.net	left	liberal
boingboing.net	left	liberal
bluestatedaily.com	left	liberal
blacklivesmatter.com	left	liberal
blackagendareport.com	left	liberal
facebook.com	left	liberal
bitchmedia.org	left	liberal
ebar.com	left	liberal
autostraddle.com	left	liberal
baltimoresun.com	left	liberal
antifascistnews.net	left	liberal
angrywhitemen.org	left	liberal
au.org	left	liberal
americanoversight.org	left	liberal
anx.media	left	liberal
americablog.com	left	liberal
americanbridgepac.org	left	liberal
aidc.org.za	left	liberal
alternet.org	left	liberal
altnews.in	left	liberal
aldianews.com	left	liberal
afj.org	left	liberal
aftonbladet.se	left	liberal
act.tv	left	liberal
foreignpolicyi.org	right-center	conservative
fpri.org	right-center	conservative
forbes.com	right-center	conservative
jacksonville.com	right-center	conservative
business.financialpost.com	right-center	conservative
firearmsnews.com	right-center	conservative
fitsnews.com	right-center	conservative
faithfamilyamerica.com	right-center	conservative
longwarjournal.org	right-center	conservative
expressen.se	right-center	conservative
edmontonsun.com	right-center	conservative
eppc.org	right-center	conservative
edmontonjournal.com	right-center	conservative
downsizinggovernment.org	right-center	conservative
detroitnews.com	right-center	conservative
desertsun.com	right-center	conservative
deseret.com	right-center	conservative
deccanchronicle.com	right-center	conservative
volkskrant.nl	right-center	conservative
dallasnews.com	right-center	conservative
dailypress.com	right-center	conservative
dailyherald.com	right-center	conservative
columbiadailyherald.com	right-center	conservative
gazette.com	right-center	conservative
dispatch.com	right-center	conservative
cincinnati.com	right-center	conservative
christianitytoday.com	right-center	conservative
cftni.org	right-center	conservative
chicagotribune.com	right-center	conservative
checkyourfact.com	right-center	conservative
cato.org	right-center	conservative
capitalismmagazine.com	right-center	conservative
cjnews.com	right-center	conservative
taxpayer.com	right-center	conservative
campaignforliberty.org	right-center	conservative
achnews.org	left	liberal
capoliticalreview.com	right-center	conservative
calgaryherald.com	right-center	conservative
businesslive.co.za	right-center	conservative
batimes.com.ar	right-center	conservative
californiaglobe.com	right-center	conservative
breakingdefense.com	right-center	conservative
bt.dk	right-center	conservative
thebreakthrough.org	right-center	conservative
bostonherald.com	right-center	conservative
bipartisanpolicy.org	right-center	conservative
berlingske.dk	right-center	conservative
billingsgazette.com	right-center	conservative
barrons.com	right-center	conservative
atlanticcouncil.org	right-center	conservative
aninews.in	right-center	conservative
beinglibertarian.com	right-center	conservative
aawsat.com	right-center	conservative
israelnationalnews.com	right-center	conservative
arkansasonline.com	right-center	conservative
arcamax.com	right-center	conservative
argusleader.com	right-center	conservative
arabnews.com	right-center	conservative
antiwar.com	right-center	conservative
americasquarterly.org	right-center	conservative
angusreid.org	right-center	conservative
americanfirearms.org	right-center	conservative
aier.org	right-center	conservative
acsh.org	right-center	conservative
americanaffairsjournal.org	right-center	conservative
americanactionforum.org	right-center	conservative
abqjournal.com	right-center	conservative
aleteia.org	right-center	conservative
al.com	right-center	conservative
english.ahram.org.eg	right-center	conservative
ac2news.com	right-center	conservative
theadvocates.org	right-center	conservative
9news.com.au	right-center	conservative
7news.com.au	right-center	conservative
yesimright.com	fake-news	conservative
24wpn.com	fake-news	conservative
wnd.com	fake-news	conservative
worldnewspolitics.com	fake-news	conservative
wokesloth.com	fake-news	liberal
thepublicdiscourse.com	fake-news	conservative
winningdemocrats.com	fake-news	liberal
westernsentinel.com	fake-news	conservative
webdaily.com	fake-news	conservative
weconservative.com	fake-news	conservative
waynedupree.com	fake-news	conservative
wethepeopledaily.com	fake-news	conservative
thewashingtonpundit.com	fake-news	conservative
wallbuilders.com	fake-news	conservative
walkwithher.com	fake-news	liberal
viralliberty.com	fake-news	conservative
vidmax.com	fake-news	conservative
voiceofeurope.com	fake-news	conservative
theviralpatriot.com	fake-news	conservative
bloodandsoil.org	fake-news	conservative
vdare.com	fake-news	conservative
usaworldbox.com	fake-news	conservative
usrightleft.com	fake-news	conservative
uspostman.com	fake-news	conservative
usafirstinformation.com	fake-news	conservative
usasupreme.com	fake-news	conservative
politicsusanews.com	fake-news	conservative
usapubliclife.com	fake-news	conservative
usanewsflash.com	fake-news	conservative
usanewstoday.org	fake-news	conservative
usanews4u.us	fake-news	liberal
youthradio.org	leftcenter	liberal
usaisonline.com	fake-news	conservative
usainfront.com	fake-news	conservative
ynetnews.com	leftcenter	liberal
yaleglobal.yale.edu	leftcenter	liberal
ydr.com	leftcenter	liberal
yorkdispatch.com	leftcenter	liberal
news.yahoo.com	leftcenter	liberal
news.cn	leftcenter	liberal
wsvn.com	leftcenter	liberal
worldcrunch.com	leftcenter	liberal
wilsoncenter.org	leftcenter	liberal
worldpolicy.org	leftcenter	liberal
wnyc.org	leftcenter	liberal
wired.com	leftcenter	liberal
washingtonpost.com	leftcenter	liberal
wingsoverscotland.com	leftcenter	liberal
wgntv.com	leftcenter	liberal
westernmassnews.com	leftcenter	liberal
wikileaks.org	leftcenter	liberal
washingtonblade.com	leftcenter	liberal
walesonline.co.uk	leftcenter	liberal
washingtonmonthly.com	leftcenter	liberal
vulture.com	leftcenter	liberal
votevets.org	leftcenter	liberal
virginiamercury.com	leftcenter	liberal
vice.com	leftcenter	liberal
victoriaadvocate.com	leftcenter	liberal
variety.com	leftcenter	liberal
usnews.com	leftcenter	liberal
upr.org	leftcenter	liberal
uticaod.com	leftcenter	liberal
usadailypost.us	fake-news	conservative
usadosenews.com	fake-news	conservative
usaconservativereport.com	fake-news	conservative
usatoday.com	leftcenter	liberal
usnationalnews.org	fake-news	liberal
uslibertywire.com	fake-news	conservative
uslibertywire.club	fake-news	conservative
usjournalreview.com	fake-news	conservative
usbacklash.org	fake-news	conservative
usinfonews.com	fake-news	conservative
ushealthyadvisor.com	fake-news	conservative
uschronicle.com	fake-news	conservative
universepolitics.com	fake-news	conservative
uniquewebmagazine.com	fake-news	conservative
understandingthethreat.com	fake-news	conservative
undergroundjournalist.org	fake-news	liberal
truthfeednews.com	fake-news	conservative
news.unclesamsmisguidedchildren.com	fake-news	conservative
truthrevolt.org	fake-news	conservative
truthuncensored.net	fake-news	conservative
qpolitical.com	fake-news	conservative
truthmonitor.com	fake-news	conservative
truthinmedia.com	fake-news	conservative
trump.news	fake-news	conservative
trumptrainnews.com	fake-news	conservative
truthandaction.org	fake-news	conservative
trumpservativenews.info	fake-news	conservative
truebluescoop.com	fake-news	liberal
triggerreset.net	fake-news	conservative
uft.org	leftcenter	liberal
tplnews.com	fake-news	liberal
universitybusiness.com	leftcenter	liberal
ucsusa.org	leftcenter	liberal
toptopic.club	fake-news	conservative
toprightnews.com	fake-news	conservative
unicornriot.ninja	leftcenter	liberal
toinformistoinfluence.com	leftcenter	liberal
uawire.org	leftcenter	liberal
tomdispatch.com	leftcenter	liberal
tmz.com	leftcenter	liberal
thestar.com	leftcenter	liberal
nola.com	leftcenter	liberal
timesofisrael.com	leftcenter	liberal
timesheadline.com	leftcenter	liberal
thrillist.com	leftcenter	liberal
time.com	leftcenter	liberal
timescolonist.com	leftcenter	liberal
news.trust.org	leftcenter	liberal
timeline.com	leftcenter	liberal
thisisthezerohour.com	leftcenter	liberal
thewrap.com	leftcenter	liberal
thewire.in	leftcenter	liberal
thevarsity.ca	leftcenter	liberal
pilotonline.com	leftcenter	liberal
theweek.co.uk	leftcenter	liberal
theverge.com	leftcenter	liberal
wilderness.org	leftcenter	liberal
thetyee.ca	leftcenter	liberal
thetrace.org	leftcenter	liberal
thetab.com	leftcenter	liberal
smh.com.au	leftcenter	liberal
thestranger.com	leftcenter	liberal
statepress.com	leftcenter	liberal
thesunmagazine.org	leftcenter	liberal
todaydispatch.com	fake-news	conservative
chicagodaily.pro	fake-news	conservative
thebreakingnews.today	fake-news	conservative
thinkamericana.com	fake-news	conservative
washingtonfeed.com	fake-news	conservative
thewashingtonreporter.com	fake-news	conservative
usa-conservative.com	fake-news	conservative
theuspatriot.com	fake-news	conservative
unz.com	fake-news	conservative
thetrumpmedia.com	fake-news	conservative
digifection.com	fake-news	conservative
thetruthdivision.com	fake-news	conservative
thespectator.info	fake-news	conservative
theproudliberal.org	fake-news	liberal
proudcons.com	fake-news	conservative
remnantnewspaper.com	fake-news	conservative
therightstuff.biz	fake-news	conservative
theredelephants.com	fake-news	conservative
thereligionofpeace.com	fake-news	conservative
thepremiumnews.com	fake-news	conservative
thepostemail.com	fake-news	conservative
thepeoplestruth.com	fake-news	conservative
thepolitics.online	fake-news	conservative
other98.com	fake-news	liberal
thepoliticalbrief.com	fake-news	conservative
fox29.com	center	center
wsaz.com	center	center
wral.com	center	center
worldpoliticsreview.com	center	center
worldpopulationreview.com	center	center
wri.org	center	center
worldpress.org	center	center
worldometers.info	center	center
weforum.org	center	center
wn.com	center	center
wikitribune.com	center	center
wionews.com	center	center
fox35orlando.com	center	center
host.madison.com	center	center
winonadailynews.com	center	center
wikipedia.org	center	center
en.wikinews.org	center	center
theskimm.com	leftcenter	liberal
thesaturdaypaper.com.au	leftcenter	liberal
thestate.com	leftcenter	liberal
santafenewmexican.com	leftcenter	liberal
wearethemighty.com	center	center
wtop.com	center	center
northjersey.com	leftcenter	liberal
theringer.com	leftcenter	liberal
pressdemocrat.com	leftcenter	liberal
pennlive.com	leftcenter	liberal
palmbeachpost.com	leftcenter	liberal
pulsegulfcoast.com	leftcenter	liberal
theolympian.com	leftcenter	liberal
cleveland.com	leftcenter	liberal
theguardian.com	leftcenter	liberal
theodysseyonline.com	leftcenter	liberal
thenewstribune.com	leftcenter	liberal
thenextweb.com	leftcenter	liberal
newstimes.com	leftcenter	liberal
alaraby.co.uk	leftcenter	liberal
thenewtropic.com	leftcenter	liberal
nationinstitute.org	leftcenter	liberal
themonthly.com.au	leftcenter	liberal
themoderatevoice.com	leftcenter	liberal
jpost.com	leftcenter	liberal
thelocal.no	leftcenter	liberal
thelist.com	leftcenter	liberal
lohud.com	leftcenter	liberal
koreatimes.co.kr	leftcenter	liberal
irishtimes.com	leftcenter	liberal
irrawaddy.com	leftcenter	liberal
theintercept.com	leftcenter	liberal
mynewsguru.com	fake-news	conservative
independent.co.uk	leftcenter	liberal
newsite.thehindu.com	leftcenter	liberal
thenewyorkevening.com	fake-news	conservative
newobserveronline.com	fake-news	conservative
thenationalpatriot.com	fake-news	conservative
thenationalpulse.com	fake-news	conservative
themillenniumreport.com	fake-news	conservative
thelibertyeagle.com	fake-news	conservative
lastresistance.com	fake-news	conservative
thehornnews.com	fake-news	conservative
thelapost.com	fake-news	conservative
thegatewaypundit.com	fake-news	conservative
thefreepatriot.org	fake-news	conservative
thefederalistpapers.org	fake-news	conservative
fairus.org	fake-news	conservative
lastdeplorables.com	fake-news	conservative
thedeplorablesociety.com	fake-news	conservative
dcclothesline.com	fake-news	conservative
thebeltwayreport.com	fake-news	conservative
thebostontribune.com	fake-news	conservative
angrypatriotmovement.com	fake-news	conservative
buffalochronicle.com	fake-news	conservative
c-span.org	center	center
votesmart.org	center	center
warontherocks.com	center	center
wacotrib.com	center	center
voanews.com	center	center
vosizneias.com	center	center
voiceofsandiego.org	center	center
vocativ.com	center	center
viralthread.com	center	center
verafiles.org	center	center
standard.net	center	center
usaspending.gov	center	center
usafacts.org	center	center
house.gov	center	center
upi.com	center	center
tvw.org	center	center
undark.org	center	center
record-eagle.com	center	center
truthbetold.news	center	center
tri-cityherald.com	center	center
truthorfiction.com	center	center
transpartisanreview.com	center	center
transparency.org	center	center
todayifoundout.com	center	center
timesofsandiego.com	center	center
thoughtco.com	center	center
thejournal.ie	center	center
magicvalley.com	center	center
thehilltalk.com	leftcenter	liberal
thirdway.org	center	center
heraldnet.com	leftcenter	liberal
theguardian.com	leftcenter	liberal
readfrontier.org	leftcenter	liberal
forward.com	leftcenter	liberal
lehighvalleylive.com	leftcenter	liberal
ecfr.eu	leftcenter	liberal
economictimes.indiatimes.com	leftcenter	liberal
dailytarheel.com	leftcenter	liberal
dailyhive.com	leftcenter	liberal
dailyclimate.org	leftcenter	liberal
canadians.org	leftcenter	liberal
courier-journal.com	leftcenter	liberal
coloradosun.com	leftcenter	liberal
thecity.nyc	leftcenter	liberal
thecitizen.org.au	leftcenter	liberal
thechristianleft.org	leftcenter	liberal
tcf.org	leftcenter	liberal
cepr.net	leftcenter	liberal
theautomaticearth.com	leftcenter	liberal
brownsvilleherald.com	leftcenter	liberal
uscirf.gov	leftcenter	liberal
thebipartisanpress.com	leftcenter	liberal
thebaffler.com	leftcenter	liberal
theage.com.au	leftcenter	liberal
app.com	leftcenter	liberal
asahi.com	leftcenter	liberal
theamericanmirror.com	fake-news	conservative
texastribune.org	leftcenter	liberal
texasmonthly.com	leftcenter	liberal
tmn.today	fake-news	conservative
teddystick.com	fake-news	conservative
tdtalliance.com	fake-news	conservative
teaparty.org	fake-news	conservative
takimag.com	fake-news	conservative
tdnewswire.com	fake-news	conservative
swampdrain.com	fake-news	conservative
survivalblog.com	fake-news	conservative
svijmedia.com	fake-news	conservative
surenews.com	fake-news	conservative
supremepatriot.com	fake-news	conservative
summit.news	fake-news	conservative
subjectpolitics.com	fake-news	conservative
studionewsnetwork.com	fake-news	conservative
strategic-culture.org	fake-news	conservative
stonecoldtruth.com	fake-news	conservative
steadfastandloyal.com	fake-news	conservative
stateofthenation2012.com	fake-news	conservative
staresattheworld.com	fake-news	conservative
statefort.com	fake-news	conservative
speisa.com	fake-news	conservative
spinzon.com	fake-news	conservative
zdf.de	center	center
thewhim.com	center	center
vindy.com	center	center
wcfcourier.com	center	center
truthsetter.com	center	center
mywebtimes.com	center	center
thetowntalk.com	center	center
thetandd.com	center	center
thesouthern.com	center	center
thestrategybridge.org	center	center
sociable.co	center	center
cumberlink.com	center	center
stardem.com	center	center
therepublic.com	center	center
scotsman.com	center	center
masslive.com	center	center
poststar.com	center	center
theregister.co.uk	center	center
syracuse.com	center	center
postandcourier.com	center	center
phnompenhpost.com	center	center
techcrunch.com	leftcenter	liberal
techdirt.com	leftcenter	liberal
taxpolicycenter.org	leftcenter	liberal
taxjustice.net	leftcenter	liberal
tarbell.org	leftcenter	liberal
tampabay.com	leftcenter	liberal
tabletmag.com	leftcenter	liberal
taiwannews.com.tw	leftcenter	liberal
swissinfo.ch	leftcenter	liberal
stuff.co.nz	leftcenter	liberal
syriahr.com	leftcenter	liberal
sunlightfoundation.com	leftcenter	liberal
stopfake.org	leftcenter	liberal
stepfeed.com	leftcenter	liberal
nj.com	leftcenter	liberal
silive.com	leftcenter	liberal
twincities.com	leftcenter	liberal
speakgov.com	fake-news	conservative
spiegel.de	leftcenter	liberal
stltoday.com	leftcenter	liberal
sonsof1776.com	fake-news	conservative
shtfplan.com	fake-news	conservative
russia-insider.com	fake-news	conservative
shariawatch.org.uk	fake-news	conservative
ruthinstitute.org	fake-news	conservative
rodong.rep.kp	fake-news	liberal
rinf.com	fake-news	conservative
rightwingnews.com	fake-news	conservative
rightjournalist.com	fake-news	conservative
returnofkings.com	fake-news	conservative
resistancereport.com	fake-news	liberal
rightwing.news	fake-news	conservative
rightsmarts.com	fake-news	conservative
rightalerts.com	fake-news	conservative
redwhiteandright.com	fake-news	conservative
renewamerica.com	fake-news	conservative
redstatejournalist.com	fake-news	conservative
redstatewave.com	fake-news	conservative
reedcooper.net	fake-news	conservative
redstatewatcher.com	fake-news	conservative
redrocktribune.com	fake-news	conservative
thenewsliteracyproject.org	center	center
pantagraph.com	center	center
rightsidenews.com	fake-news	conservative
observatory.journalism.wisc.edu	center	center
outlook.monmouth.edu	center	center
redpolitics.us	fake-news	conservative
thenews.com.pk	center	center
modbee.com	center	center
themonitor.com	center	center
thenews.mx	center	center
themoderatedmedia.com	center	center
soas.ac.uk	center	center
mcall.com	center	center
memepoliceman.com	center	center
thenevadaindependent.com	center	center
thehill.com	center	center
thehumanist.com	center	center
macon.com	center	center
themarshallproject.org	center	center
jordantimes.com	center	center
thejakartapost.com	center	center
journalstandard.com	center	center
indianexpress.com	center	center
heraldsun.com	center	center
fakenewscodex.com	center	center
heraldnews.com	center	center
theflipside.io	center	center
news.hjnews.com	center	center
herald-dispatch.com	center	center
economist.com	center	center
thediplomat.com	center	center
defconwarningsystem.com	center	center
sojo.net	leftcenter	liberal
sootoday.com	leftcenter	liberal
shameproject.com	leftcenter	liberal
sfgate.com	leftcenter	liberal
sbs.com.au	leftcenter	liberal
theday.com	center	center
scmp.com	leftcenter	liberal
sentencingproject.org	leftcenter	liberal
seattletimes.com	leftcenter	liberal
secondnexus.com	leftcenter	liberal
scroll.in	leftcenter	liberal
seattlepi.com	leftcenter	liberal
scoopwhoop.com	leftcenter	liberal
sciencing.com	leftcenter	liberal
sapiens.org	leftcenter	liberal
independent.com	leftcenter	liberal
sanluisobispo.com	leftcenter	liberal
mercurynews.com	leftcenter	liberal
sfchronicle.com	leftcenter	liberal
sfglobe.com	leftcenter	liberal
sandiegoreader.com	leftcenter	liberal
sfexaminer.com	leftcenter	liberal
sltrib.com	leftcenter	liberal
sacbee.com	leftcenter	liberal
expressnews.com	leftcenter	liberal
roanoke.com	leftcenter	liberal
heraldonline.com	leftcenter	liberal
rudaw.net	leftcenter	liberal
rooseveltinstitute.org	leftcenter	liberal
rightweb.irc-online.org	leftcenter	liberal
revealnews.org	leftcenter	liberal
religionnews.com	leftcenter	liberal
represent.us	leftcenter	liberal
redpeople.us	fake-news	conservative
newsobserver.com	leftcenter	liberal
rationalwiki.org	leftcenter	liberal
redice.tv	fake-news	conservative
redcountry.us	fake-news	conservative
realconservativesunite.com	fake-news	conservative
realtimepolitics.com	fake-news	liberal
readconservatives.news	fake-news	conservative
redrocktribune.com	fake-news	conservative
proud-patriots.com	fake-news	conservative
proudleader.com	fake-news	conservative
puppetstringnews.com	fake-news	conservative
projectpurge.com	fake-news	conservative
protrumpnews.com	fake-news	conservative
progresstribune.com	fake-news	liberal
president45donaldtrump.com	fake-news	conservative
prageru.com	fake-news	conservative
prideof-america.org	fake-news	conservative
powderedwigsociety.com	fake-news	conservative
proamericanews.com	fake-news	conservative
pop.org	fake-news	conservative
politifact.news	fake-news	conservative
politicalears.com	fake-news	conservative
politicalstate.org	fake-news	liberal
politicalmayhem.news	fake-news	conservative
politicalflare.com	fake-news	liberal
thepoliticalinsider.com	fake-news	conservative
politicalinbox.com	fake-news	liberal
timespolice.com	fake-news	conservative
personalliberty.com	fake-news	conservative
dailyprogress.com	center	center
patrioticexpress.com	fake-news	conservative
pcmustdie.com	fake-news	conservative
pmnightlynews.com	fake-news	conservative
patrioticviralnews.com	fake-news	conservative
pjmedia.com	fake-news	conservative
dailynorthwestern.com	center	center
thecipherbrief.com	center	center
daily-chronicle.com	center	center
thedailycentrist.com	center	center
tdn.com	center	center
chronicle.com	center	center
dailygazette.com	center	center
theconversation.com	center	center
chinapost.com.tw	center	center
thebureauinvestigates.com	center	center
thecanadianpress.com	center	center
newsoptimist.ca	center	center
thebalance.com	center	center
afr.com	center	center
auburnpub.com	center	center
thatsnonsense.com	center	center
texasstandard.org	center	center
telegram.com	center	center
techstartups.com	center	center
taskandpurpose.com	center	center
taipeitimes.com	center	center
stratfor.com	center	center
strategypage.com	center	center
stocknewsusa.com	center	center
stimson.org	center	center
statista.com	center	center
statnews.com	center	center
statesville.com	center	center
stripes.com	center	center
sctimes.com	center	center
ny1.com	center	center
spectrumreport.com	center	center
snopes.com	center	center
smartnews.com	center	center
news.sky.com	center	center
shorensteincenter.org	center	center
simplepolitics.co.uk	center	center
shreveporttimes.com	center	center
siouxcityjournal.com	center	center
shareably.net	center	center
scotusblog.com	center	center
chicksonright.com	right	conservative
scoopnest.com	center	center
yaf.org	right	conservative
yellowhammernews.com	right	conservative
world.wng.org	right	conservative
whitehouse.gov	right	conservative
citizen.org	leftcenter	liberal
qz.com	leftcenter	liberal
rfa.org	leftcenter	liberal
providencejournal.com	leftcenter	liberal
prospectmagazine.co.uk	leftcenter	liberal
propublica.org	leftcenter	liberal
project-syndicate.org	leftcenter	liberal
private-eye.co.uk	leftcenter	liberal
pamplinmedia.com	leftcenter	liberal
pri.org	leftcenter	liberal
positive.news	leftcenter	liberal
pressherald.com	leftcenter	liberal
politicsthatwork.com	leftcenter	liberal
populationconnection.org	leftcenter	liberal
polygon.com	leftcenter	liberal
politicalcritique.org	leftcenter	liberal
phoenixnewtimes.com	leftcenter	liberal
inquirer.net	leftcenter	liberal
inquirer.com	leftcenter	liberal
pbs.org	leftcenter	liberal
palmbeachdailynews.com	leftcenter	liberal
patrioticmillionaires.org	leftcenter	liberal
outsidethebeltway.com	leftcenter	liberal
orlandosentinel.com	leftcenter	liberal
ozy.com	leftcenter	liberal
psmag.com	leftcenter	liberal
ourworldindata.org	leftcenter	liberal
npr.org	leftcenter	liberal
oneindia.com	leftcenter	liberal
opendemocracy.net	leftcenter	liberal
opposingviews.com	leftcenter	liberal
oilandwaterdontmix.org	leftcenter	liberal
occupyindependents.com	leftcenter	liberal
ocweekly.com	leftcenter	liberal
newsy.com	leftcenter	liberal
newser.com	leftcenter	liberal
newsdeeply.com	leftcenter	liberal
kfor.com	leftcenter	liberal
newsday.com	leftcenter	liberal
zerohedge.com	conspiracy	conservative
newsandguts.com	leftcenter	liberal
nydailynews.com	leftcenter	liberal
nytimes.com	leftcenter	liberal
patriotupdate.com	fake-news	conservative
patriothangout.com	fake-news	conservative
patriotbeat.com	fake-news	conservative
patriotcrier.com	fake-news	conservative
patriotbeacon.com	fake-news	conservative
patriotfires.com	fake-news	conservative
pacificpundit.com	fake-news	conservative
oureyeonislam.com	fake-news	conservative
overpassesforamerica.com	fake-news	conservative
oppositionreport.com	fake-news	liberal
openmagazines.com	fake-news	conservative
onlineconservativepress.com	fake-news	conservative
oathkeepers.org	fake-news	conservative
nmws.us	fake-news	liberal
noscomunicamos.com	fake-news	conservative
newswars.com	fake-news	conservative
newsbreakshere.com	fake-news	conservative
newsammo.com	fake-news	conservative
newspunch.com	fake-news	conservative
newschicken.com	fake-news	conservative
newswithviews.com	fake-news	conservative
newsblaze.com	fake-news	conservative
newpoliticstoday.com	fake-news	conservative
neverrepublican.com	fake-news	liberal
nationalvanguard.org	fake-news	conservative
npiamerica.org	fake-news	conservative
nationaleconomicseditorial.com	fake-news	conservative
mygoogle.ca	fake-news	conservative
myrightamerica.com	fake-news	conservative
sciencedebate.org	center	center
sayfiereview.com	center	center
heraldtribune.com	center	center
sandiegouniontribune.com	center	center
www.msk.kp.ru	center	center
sanmarcosrecord.com	center	center
rte.ie	center	center
santamariatimes.com	center	center
reuters.com	center	center
riverbender.com	center	center
riverdalepress.com	center	center
rollcall.com	center	center
rsf.org	center	center
relevantmagazine.com	center	center
reporterslab.org	center	center
recode.net	center	center
rapidcityjournal.com	center	center
rand.org	center	center
rferl.org	center	center
qctimes.com	center	center
prri.org	center	center
pogo.org	center	center
procon.org	center	center
publicpolicypolling.com	center	center
prnewswire.mediaroom.com	center	center
poynter.org	center	center
politifact.com	center	center
polygraph.info	center	center
mavenroundtable.io	center	center
politico.com	center	center
poconorecord.com	center	center
politicalwire.com	center	center
placesjournal.org	center	center
piie.com	center	center
pewresearch.org	center	center
pgpf.org	center	center
patheos.com	center	center
pjstar.com	center	center
whatfinger.com	right	conservative
pnj.com	center	center
westmonster.com	right	conservative
westernjournal.com	right	conservative
freebeacon.com	right	conservative
weeklystandard.com	right	conservative
washingtonexaminer.com	right	conservative
vivaliberty.com	right	conservative
weaselzippers.us	right	conservative
vesselnews.io	right	conservative
ussanews.com	right	conservative
usapoliticstoday.com	right	conservative
updateamerica.com	right	conservative
unitynewsnetwork.co.uk	right	conservative
unwatch.org	right	conservative
twitchy.com	right	conservative
trtworld.com	right	conservative
tribunist.com	right	conservative
trendingpolitics.com	right	conservative
townhall.com	right	conservative
thetruthaboutguns.com	right	conservative
torontosun.com	right	conservative
tennesseestar.com	right	conservative
thesun.co.uk	right	conservative
ronpaulinstitute.org	right	conservative
theresurgent.com	right	conservative
therightscoop.com	right	conservative
rebelnews.com	right	conservative
therealstrategy.com	right	conservative
patriotpost.us	right	conservative
therantidote.com	right	conservative
thepostmillennial.com	right	conservative
theohiostar.com	right	conservative
newlypress.com	right	conservative
thenewrevere.com	right	conservative
thenewamerican.com	right	conservative
themilreview.com	right	conservative
thegreggjarrett.com	right	conservative
theconservativetreehouse.com	right	conservative
thehayride.com	right	conservative
newmoderate.com	leftcenter	liberal
newleftreview.org	leftcenter	liberal
newmatilda.com	leftcenter	liberal
neweurope.eu	leftcenter	liberal
necn.com	leftcenter	liberal
ndtv.com	leftcenter	liberal
newamerica.org	leftcenter	liberal
ncpolicywatch.com	leftcenter	liberal
nbcnews.com	leftcenter	liberal
resourcegovernance.org	leftcenter	liberal
nature.org	leftcenter	liberal
nbcnewyork.com	leftcenter	liberal
nationalnewswatch.com	leftcenter	liberal
nationalobserver.com	leftcenter	liberal
youthrights.org	leftcenter	liberal
nakedcapitalism.com	leftcenter	liberal
transequality.org	leftcenter	liberal
naacp.org	leftcenter	liberal
natmonitor.com	leftcenter	liberal
naplesnews.com	leftcenter	liberal
msn.com	leftcenter	liberal
muncievoice.com	leftcenter	liberal
mwcnews.net	leftcenter	liberal
mtdemocrat.com	leftcenter	liberal
mnn.com	leftcenter	liberal
themoscowtimes.com	leftcenter	liberal
motherjones.com	leftcenter	liberal
news.mongabay.com	leftcenter	liberal
monthlyreview.org	leftcenter	liberal
mintpressnews.com	leftcenter	liberal
jsonline.com	leftcenter	liberal
minnpost.com	leftcenter	liberal
startribune.com	leftcenter	liberal
migrationpolicy.org	leftcenter	liberal
mprnews.org	leftcenter	liberal
mic.com	leftcenter	liberal
mrcblog.com	fake-news	conservative
movingleft.com	fake-news	liberal
molonlabemedia.com	fake-news	conservative
moonbattery.com	fake-news	conservative
milo.yiannopoulos.net	fake-news	conservative
meforum.org	fake-news	conservative
middleamericandemocrat.com	fake-news	liberal
en.metapedia.org	fake-news	conservative
mediazone.news	fake-news	conservative
mbganews.com	fake-news	conservative
martinlutherking.org	fake-news	conservative
madworldnews.com	fake-news	conservative
madamericannetwork.com	fake-news	conservative
loser.com	fake-news	liberal
londonwebnews.com	fake-news	liberal
loonwatch.com	fake-news	liberal
libertywritersnews.com	fake-news	conservative
libertyisviral.com	fake-news	conservative
liberalspeak.com	fake-news	liberal
liberalsociety.com	fake-news	liberal
liberalplug.com	fake-news	liberal
lewrockwell.com	fake-news	conservative
leftexposed.org	fake-news	conservative
ladylibertysnews.com	fake-news	conservative
learnprogress.org	fake-news	liberal
leftaction.com	fake-news	liberal
patch.com	center	center
oyez.org	center	center
ocregister.com	center	center
guampdn.com	center	center
180report.com	center	center
openthegovernment.org	center	center
oilprice.com	center	center
novinite.com	center	center
nwitimes.com	center	center
nwfdailynews.com	center	center
northkoreatimes.com	center	center
norfolkdailynews.com	center	center
nolabels.org	center	center
noozhawk.com	center	center
nknews.org	center	center
niskanencenter.org	center	center
www3.nhk.or.jp	center	center
newsnow.co.uk	center	center
nextgov.com	center	center
newsguardtech.com	center	center
yournewsnet.com	center	center
newsela.com	center	center
newslookup.com	center	center
news24.com	center	center
newsandnews.com	center	center
newbernsj.com	center	center
cheddar.com	center	center
nzherald.co.nz	center	center
navytimes.com	center	center
nationmaster.com	center	center
nationaljournal.com	center	center
ncsl.org	center	center
followthemoney.org	center	center
napavalleyregister.com	center	center
nber.org	center	center
morningconsult.com	center	center
thefederalist.com	right	conservative
theepochtimes.com	right	conservative
dailytelegraph.com.au	right	conservative
dc-chronicle.com	right	conservative
dailywire.com	right	conservative
theconservativenut.gop	right	conservative
thecollegefix.com	right	conservative
conservativewoman.co.uk	right	conservative
thedailydefender.com	right	conservative
thecitizenpress.com	right	conservative
theblaze.com	right	conservative
theblacksphere.net	right	conservative
carepublican.com	right	conservative
americanmind.org	right	conservative
adelaidenow.com.au	right	conservative
theamericancause.org	right	conservative
tenthamendmentcenter.com	right	conservative
spiked-online.com	right	conservative
southernpatriotnews.com	right	conservative
teapartypatriots.org	right	conservative
starpolitical.com	right	conservative
teapartytribune.com	right	conservative
standpointmag.co.uk	right	conservative
westernjournalism.com	right	conservative
sonorannews.com	right	conservative
secureamericanow.org	right	conservative
savejersey.com	right	conservative
sentinelksmo.org	right	conservative
silenceisconsent.net	right	conservative
sbgi.net	right	conservative
miamiherald.com	leftcenter	liberal
mexiconewsdaily.com	leftcenter	liberal
mediafiledc.com	leftcenter	liberal
nhregister.com	leftcenter	liberal
metro.us	leftcenter	liberal
mcclatchydc.com	leftcenter	liberal
medium.com	leftcenter	liberal
metro.co.uk	leftcenter	liberal
maplight.org	leftcenter	liberal
malaysiakini.com	leftcenter	liberal
liberalmountain.com	leftcenter	liberal
liveleak.com	leftcenter	liberal
lamag.com	leftcenter	liberal
mainichi.jp	leftcenter	liberal
kentucky.com	leftcenter	liberal
lifehacker.com	leftcenter	liberal
mainebeacon.com	leftcenter	liberal
lethbridgeherald.com	leftcenter	liberal
leftjustified.com	leftcenter	liberal
latintimes.com	leftcenter	liberal
lasvegassun.com	leftcenter	liberal
laconiadailysun.com	leftcenter	liberal
latimes.com	leftcenter	liberal
lapresse.ca	leftcenter	liberal
lastampa.it	leftcenter	liberal
kurdistan24.net	leftcenter	liberal
koco.com	leftcenter	liberal
knightfoundation.org	leftcenter	liberal
kotaku.com	leftcenter	liberal
kuow.org	leftcenter	liberal
kmov.com	leftcenter	liberal
nowtheendbegins.com	conspiracy	conservative
newstarget.com	conspiracy	conservative
naturalnews.com	conspiracy	conservative
knightstemplarinternational.com	fake-news	conservative
kcna.kp	fake-news	liberal
joeforamerica.com	fake-news	conservative
judicialwatch.org	fake-news	conservative
jewwatch.com	fake-news	conservative
israelvideonetwork.com	fake-news	conservative
ihr.org	fake-news	conservative
imowired.com	fake-news	conservative
infogalactic.com	fake-news	conservative
informationliberation.com	fake-news	conservative
illegalaliencrimereport.com	fake-news	conservative
ilovemyfreedom.org	fake-news	conservative
illicitinfo.com	fake-news	conservative
ihypocrite.net	fake-news	conservative
ihatethemedia.com	fake-news	conservative
hoggwatch.com	fake-news	conservative
mtstandard.com	center	center
mlive.com	center	center
missoulian.com	center	center
militarytimes.com	center	center
metrowestdailynews.com	center	center
military.com	center	center
metabunk.org	center	center
en.mercopress.com	center	center
merionwest.com	center	center
mediashift.org	center	center
mentalfloss.com	center	center
makeuseof.com	center	center
news-journal.com	center	center
memeorandum.com	center	center
limacharlienews.com	center	center
journalstar.com	center	center
lompocrecord.com	center	center
law360.com	center	center
ldnews.com	center	center
lawfareblog.com	center	center
lcsun-news.com	center	center
lansingstatejournal.com	center	center
ledevoir.com	center	center
news9.com	center	center
knowherenews.com	center	center
ronpaullibertyreport.com	right	conservative
ktla.com	center	center
knoxnews.com	center	center
ricochet.com	right	conservative
rightandfree.com	right	conservative
restoreamericanglory.com	right	conservative
redalertpolitics.com	right	conservative
renewedright.com	right	conservative
regated.com	right	conservative
redflagnews.com	right	conservative
resistancemedia.org	right	conservative
rd.com	right	conservative
quadrant.org.au	right	conservative
powerlineblog.com	right	conservative
publicinterestlegal.org	right	conservative
populistwire.com	right	conservative
projectveritas.com	right	conservative
politisite.com	right	conservative
politifeed.net	right	conservative
politichicks.com	right	conservative
politicalite.com	right	conservative
patriotnewsdaily.com	right	conservative
patriotretort.com	right	conservative
pluralist.com	right	conservative
patriotnewsalerts.com	right	conservative
pantsonfirenews.com	right	conservative
opslens.com	right	conservative
panampost.com	right	conservative
ontarioproud.ca	right	conservative
oneangrygamer.net	right	conservative
onenewsnow.com	right	conservative
oann.com	right	conservative
offgridsurvival.com	right	conservative
kansascity.com	leftcenter	liberal
offendedamerica.com	right	conservative
justsecurity.org	leftcenter	liberal
helvidius.org	leftcenter	liberal
jointcenter.org	leftcenter	liberal
jacksonfreepress.com	leftcenter	liberal
irinnews.org	leftcenter	liberal
ibtimes.com	leftcenter	liberal
crisisgroup.org	leftcenter	liberal
inverse.com	leftcenter	liberal
ipolitics.ca	leftcenter	liberal
interpretermag.com	leftcenter	liberal
icrw.org	leftcenter	liberal
itep.org	leftcenter	liberal
imeu.org	leftcenter	liberal
insideclimatenews.org	leftcenter	liberal
insidehighered.com	leftcenter	liberal
insidephilanthropy.com	leftcenter	liberal
insideedition.com	leftcenter	liberal
insider.com	leftcenter	liberal
inquisitr.com	leftcenter	liberal
inews.co.uk	leftcenter	liberal
infobae.com	leftcenter	liberal
independentaustralia.net	leftcenter	liberal
humanium.org	leftcenter	liberal
icenews.is	leftcenter	liberal
hurriyetdailynews.com	leftcenter	liberal
ifamericaknew.org	leftcenter	liberal
houstonchronicle.com	leftcenter	liberal
staradvertiser.com	leftcenter	liberal
hrw.org	leftcenter	liberal
civilbeat.org	leftcenter	liberal
historynewsnetwork.org	leftcenter	liberal
hollywoodreporter.com	leftcenter	liberal
mediafactwatch.com	conspiracy	conservative
infowars.com	conspiracy	conservative
en.hawarnews.org	fake-news	liberal
hangthebankers.com	fake-news	conservative
greatamericandaily.com	fake-news	conservative
greatamericanrepublic.com	fake-news	conservative
godfatherpolitics.com	fake-news	conservative
grainoftruth.ca	fake-news	conservative
globalinfotoday.com	fake-news	conservative
girlsjustwannahaveguns.com	fake-news	conservative
gellerreport.com	fake-news	conservative
frontpagemag.com	fake-news	conservative
gatestoneinstitute.org	fake-news	conservative
freedomproject.com	fake-news	conservative
fashthenation.com	fake-news	conservative
focusonthefamily.com	fake-news	conservative
usafortrumponline.com	fake-news	conservative
fortherightnews.com	fake-news	conservative
fbnewscycle.com	fake-news	conservative
frc.org	fake-news	conservative
exposinggovernment.com	fake-news	conservative
evil.news	fake-news	conservative
explainlife.com	fake-news	conservative
en-volve.com	fake-news	conservative
justicedenied.org	center	center
eaglerising.com	fake-news	conservative
kdvr.com	center	center
kait8.com	center	center
knowyourmeme.com	center	center
kff.org	center	center
daily.jstor.org	center	center
jacksonsun.com	center	center
jta.org	center	center
journalgazette.net	center	center
japantimes.co.jp	center	center
investopedia.com	center	center
janes.com	center	center
ire.org	center	center
freemedia.at	center	center
rescue.org	center	center
iea.org	center	center
iwpr.org	center	center
icij.org	center	center
dailybulletin.com	center	center
indystar.com	center	center
indexmundi.com	center	center
indiatoday.intoday.in	center	center
ivn.us	center	center
imediaethics.org	center	center
inc.com	center	center
helenair.com	center	center
idahostatesman.com	center	center
icitizen.com	center	center
homelandsecuritynewswire.com	center	center
howtogeek.com	center	center
hoax-slayer.net	center	center
hastingstribune.com	center	center
herald-review.com	center	center
i24news.tv	center	center
news.harvard.edu	center	center
healthcarefinancenews.com	center	center
hanfordsentinel.com	center	center
hbr.org	center	center
ntknetwork.com	right	conservative
noqreport.com	right	conservative
nraila.org	right	conservative
numbersusa.com	right	conservative
notliberal.com	right	conservative
newsmax.com	right	conservative
newrevolutionnow.org	right	conservative
newbostonpost.com	right	conservative
newsbusters.org	right	conservative
mercatornet.com	right	conservative
mises.org	right	conservative
nationalcenter.org	right	conservative
nationalreview.com	right	conservative
mediatrackers.org	right	conservative
mediaequalizer.com	right	conservative
mrc.org	right	conservative
manhattan-institute.org	right	conservative
mediacircus.com	right	conservative
lyincomey.com	right	conservative
unionleader.com	right	conservative
lozierinstitute.org	right	conservative
louderwithcrowder.com	right	conservative
lifezette.com	right	conservative
libertynews.com	right	conservative
loneconservative.com	right	conservative
lifenews.com	right	conservative
libertytalk.fm	right	conservative
fightpp.org	right	conservative
libertynation.com	right	conservative
libertyheadlines.com	right	conservative
kansaspolicy.org	right	conservative
knoxreport.com	right	conservative
lawenforcementtoday.com	right	conservative
legalinsurrection.com	right	conservative
libertyhangout.org	right	conservative
justthenews.com	right	conservative
judicialnetwork.com	right	conservative
jewishworldreview.com	right	conservative
hindustantimes.com	leftcenter	liberal
heavy.com	leftcenter	liberal
highline.huffingtonpost.com	leftcenter	liberal
hcn.org	leftcenter	liberal
health.com	leftcenter	liberal
healthyway.com	leftcenter	liberal
courant.com	leftcenter	liberal
greentechmedia.com	leftcenter	liberal
harvardpolitics.com	leftcenter	liberal
grist.org	leftcenter	liberal
gunviolencearchive.org	leftcenter	liberal
harpers.org	leftcenter	liberal
govexec.com	leftcenter	liberal
greensboro.com	leftcenter	liberal
whistleblower.org	leftcenter	liberal
governing.com	leftcenter	liberal
news.google.com	leftcenter	liberal
globaltimes.cn	leftcenter	liberal
gothamist.com	leftcenter	liberal
globalriskinsights.com	leftcenter	liberal
pri.org	leftcenter	liberal
globalrealnews.com	leftcenter	liberal
globalcitizen.org	leftcenter	liberal
globalnews.ca	leftcenter	liberal
glamour.com	leftcenter	liberal
gaystarnews.com	leftcenter	liberal
fusion.tv	leftcenter	liberal
fresnobee.com	leftcenter	liberal
francetvinfo.fr	leftcenter	liberal
freakonomics.com	leftcenter	liberal
fpif.org	leftcenter	liberal
fivethirtyeight.com	leftcenter	liberal
fightforthefuture.org	leftcenter	liberal
feministfrequency.com	leftcenter	liberal
fwweekly.com	leftcenter	liberal
fastcompany.com	leftcenter	liberal
fairvote.org	leftcenter	liberal
fair.org	leftcenter	liberal
factmyth.com	leftcenter	liberal
exposingtruth.com	leftcenter	liberal
downtrend.com	fake-news	conservative
deplorablekel.com	fake-news	conservative
discoverthenetworks.org	fake-news	conservative
deepleftfield.info	fake-news	liberal
defendevropa.org	fake-news	conservative
defiantamerica.com	fake-news	conservative
thedcgazette.com	fake-news	conservative
dcdirtylaundry.com	fake-news	conservative
dcbluedot.com	fake-news	liberal
dcalert.com	fake-news	conservative
dailystormer.name	fake-news	conservative
westernjournal.com	fake-news	conservative
rickwells.us	fake-news	conservative
dailyheadlines.net	fake-news	conservative
conservativepost.com	fake-news	conservative
conservativefreepress.com	fake-news	conservative
conservativemedia.com	fake-news	conservative
conservativefighters.com	fake-news	conservative
conservativedailypost.com	fake-news	conservative
conservativefiringline.com	fake-news	conservative
conservativebyte.com	fake-news	conservative
greenbaypressgazette.com	center	center
group30.org	center	center
greenvilleonline.com	center	center
conservativeammo.com	fake-news	conservative
greatfallstribune.com	center	center
conservapedia.com	fake-news	conservative
gao.gov	center	center
govtrack.us	center	center
globalintegrity.org	center	center
globalslaveryindex.org	center	center
gbtimes.com	center	center
globegazette.com	center	center
goodnewsnetwork.org	center	center
geek.com	center	center
gainesville.com	center	center
news.gallup.com	center	center
freewheelus.com	center	center
foreignpolicy.com	center	center
fosters.com	center	center
france24.com	center	center
fullfact.org	center	center
foreignaffairs.com	center	center
firstdraftnews.org	center	center
firstcoastnews.com	center	center
financialexpress.com	center	center
ft.com	center	center
federalnewsnetwork.com	center	center
federaltimes.com	center	center
fairobserver.com	center	center
factwire.org	center	center
factscan.ca	center	center
factcheck.org	center	center
everycrsreport.com	center	center
news.err.ee	center	center
eurasiareview.com	center	center
goerie.com	center	center
elnuevodia.com	center	center
eurasiagroup.net	center	center
euronews.com	center	center
intellectualtakeout.org	right	conservative
ipatriot.com	right	conservative
iwf.org	right	conservative
influencewatch.org	right	conservative
independentsentinel.com	right	conservative
investors.com	right	conservative
jewishpolicycenter.org	right	conservative
ifstudies.org	right	conservative
ijr.com	right	conservative
illinoispolicy.org	right	conservative
ibleedredwhiteblue.com	right	conservative
imprimis.hillsdale.edu	right	conservative
humanevents.com	right	conservative
hudson.org	right	conservative
hotair.com	right	conservative
hermancain.com	right	conservative
heatst.com	right	conservative
heritage.org	right	conservative
greatamericanpolitics.com	right	conservative
order-order.com	right	conservative
g-a-i.org	right	conservative
news.grabien.com	right	conservative
gopusa.com	right	conservative
getreligion.org	right	conservative
foxnews.com	right	conservative
freedomworks.org	right	conservative
ourfutureinamerica.org	right	conservative
freerepublic.com	right	conservative
ff.org	right	conservative
freewestmedia.com	right	conservative
freedomcrossroads.com	right	conservative
euractiv.com	leftcenter	liberal
euobserver.com	leftcenter	liberal
engadget.com	leftcenter	liberal
ew.com	leftcenter	liberal
eff.org	leftcenter	liberal
emirates247.com	leftcenter	liberal
elpasotimes.com	leftcenter	liberal
emptywheel.net	leftcenter	liberal
elpais.com	leftcenter	liberal
earth.columbia.edu	leftcenter	liberal
epi.org	leftcenter	liberal
egyptianstreets.com	leftcenter	liberal
economicshelp.org	leftcenter	liberal
earthjustice.org	leftcenter	liberal
econofact.org	leftcenter	liberal
eastbaytimes.com	leftcenter	liberal
dw.com	leftcenter	liberal
diply.com	leftcenter	liberal
diversityinc.com	leftcenter	liberal
dutchreview.com	leftcenter	liberal
dutchdailynews.com	leftcenter	liberal
digg.com	leftcenter	liberal
freep.com	leftcenter	liberal
zeit.de	leftcenter	liberal
westword.com	leftcenter	liberal
delawareonline.com	leftcenter	liberal
deccanherald.com	leftcenter	liberal
democratandchronicle.com	leftcenter	liberal
denverpost.com	leftcenter	liberal
debunkingdenialism.com	leftcenter	liberal
democracy21.org	leftcenter	liberal
demos.org	leftcenter	liberal
fellowshipoftheminds.com	conspiracy	conservative
conspiracydailyupdate.com	conspiracy	conservative
concernedwomen.org	fake-news	conservative
clashdaily.com	fake-news	conservative
clarionproject.org	fake-news	conservative
churchmilitant.com	fake-news	conservative
cnsnews.com	fake-news	conservative
christianaction.org	fake-news	conservative
trueactivist.com	fake-news	liberal
canadafreepress.com	fake-news	conservative
caldronpool.com	fake-news	conservative
researchantisemitism.ca	fake-news	conservative
breitbart.com	fake-news	conservative
cernovich.com	fake-news	conservative
britainfirst.org	fake-news	conservative
breakingnewshouse.com	fake-news	conservative
bluntforcetruth.com	fake-news	conservative
bluedotdaily.com	fake-news	liberal
blingnews.com	fake-news	conservative
blackeyepolitics.com	fake-news	conservative
blackgenocide.org	fake-news	conservative
leadertelegram.com	center	center
ejinsight.com	center	center
blackpigeonspeaks.com	fake-news	conservative
bipartisanreport.com	fake-news	liberal
eagletribune.com	center	center
desmoinesregister.com	center	center
dentonrc.com	center	center
duluthnewstribune.com	center	center
dpa-international.com	center	center
digitaljournal.com	center	center
doctorswithoutborders.org	center	center
differencebetween.net	center	center
delrionewsherald.com	center	center
defenseone.com	center	center
daytondailynews.com	center	center
dailyrecord.com	center	center
darientimes.com	center	center
dailymaverick.co.za	center	center
defensenews.com	center	center
dailyjournalonline.com	center	center
daily-journal.com	center	center
crimeola.com	center	center
law.com	center	center
ctvnews.ca	center	center
dccircuitbreaker.org	center	center
curiosity.com	center	center
eyeofthetiber.com	center	center
cp24.com	center	center
covidtracking.com	center	center
cfr.org	center	center
coronavirus.gov	center	center
courthousenews.com	center	center
firstthings.com	right	conservative
countable.us	center	center
defenddemocracy.org	right	conservative
fedsoc.org	right	conservative
firstinfreedomdaily.com	right	conservative
erlc.com	right	conservative
federalistpress.com	right	conservative
farleftwatch.com	right	conservative
fakehatecrimes.org	right	conservative
faithwire.com	right	conservative
factsandlogic.org	right	conservative
egypttoday.com	right	conservative
energycitizens.org	right	conservative
economicpolicyjournal.com	right	conservative
epnewsleader.com	right	conservative
telegraaf.nl	right	conservative
dmlnews.com	right	conservative
dcwhispers.com	right	conservative
debatepost.com	right	conservative
dailytorch.com	right	conservative
telegraph.co.uk	right	conservative
dcstatesman.com	right	conservative
dailysurge.com	right	conservative
dcreport.org	leftcenter	liberal
deadline.com	leftcenter	liberal
dawn.com	leftcenter	liberal
mirror.co.uk	leftcenter	liberal
gazettenet.com	leftcenter	liberal
crosscut.com	leftcenter	liberal
ctmirror.org	leftcenter	liberal
caller.com	leftcenter	liberal
councilforthenationalinterest.org	leftcenter	liberal
credoaction.com	leftcenter	liberal
constitutionproject.org	leftcenter	liberal
consortiumnews.com	leftcenter	liberal
ctpost.com	leftcenter	liberal
commonwealmagazine.org	leftcenter	liberal
commonwealthfund.org	leftcenter	liberal
investigaterussia.org	leftcenter	liberal
commoncause.org	leftcenter	liberal
colombiareports.com	leftcenter	liberal
ctj.org	leftcenter	liberal
cnbc.com	leftcenter	liberal
cjr.org	leftcenter	liberal
cleantechnica.com	leftcenter	liberal
citypages.com	leftcenter	liberal
citizensforethics.org	leftcenter	liberal
legitgov.org	leftcenter	liberal
chicagoreporter.com	leftcenter	liberal
america.cgtn.com	leftcenter	liberal
chicago.suntimes.com	leftcenter	liberal
citizentruth.org	leftcenter	liberal
www1.cbn.com	conspiracy	conservative
biggovernment.news	conspiracy	conservative
beholdisrael.org	conspiracy	conservative
americanfreepress.net	conspiracy	conservative
bigleaguepolitics.com	fake-news	conservative
bestdailynews.info	fake-news	conservative
bannedinformation.com	fake-news	conservative
backroombuzz.com	fake-news	conservative
bb4sp.com	fake-news	conservative
analyzingamerica.org	fake-news	conservative
beforeitsnews.com	fake-news	conservative
barenakedislam.com	fake-news	conservative
americansarepissed.com	fake-news	conservative
americantruthtoday.com	fake-news	conservative
americanthinker.com	fake-news	conservative
americansfortruth.com	fake-news	conservative
americasnewssource.com	fake-news	conservative
amren.com	fake-news	conservative
tfp.org	fake-news	conservative
americasfreedomfighters.com	fake-news	conservative
americanjournalreview.com	fake-news	conservative
americanpatriotdaily.com	fake-news	conservative
afa.net	fake-news	conservative
americanprinciplesproject.org	fake-news	conservative
americanlookout.com	fake-news	conservative
allnewspipeline.com	fake-news	conservative
americatalks.com	fake-news	conservative
adflegal.org	fake-news	conservative
altright.com	fake-news	conservative
ajuanews.com	fake-news	conservative
alphanewsmn.com	fake-news	conservative
activistmommy.com	fake-news	conservative
10news.one	fake-news	conservative
3ccorp.net	fake-news	conservative
100percentfedup.com	fake-news	conservative
cookpolitical.com	center	center
consumerist.com	center	center
consumerreports.org	center	center
cpj.org	center	center
cbo.gov	center	center
concordmonitor.com	center	center
ced.org	center	center
constitutioncenter.org	center	center
congress.gov	center	center
cnet.com	center	center
crfb.org	center	center
csis.org	center	center
timesfreepress.com	center	center
chinookobserver.com	center	center
csmonitor.com	center	center
cityandstateny.com	center	center
charitynavigator.org	center	center
opensecrets.org	center	center
cdt.org	center	center
castanet.net	center	center
capitolfax.com	center	center
trib.com	center	center
cpac.ca	center	center
c-span.org	center	center
capecodtimes.com	center	center
business2community.com	center	center
burnettcountysentinel.com	center	center
thebulletin.org	center	center
bozemandailychronicle.com	center	center
bnonews.com	center	center
bleepingcomputer.com	center	center
bridgemi.com	center	center
bullshido.net	center	center
bismarcktribune.com	center	center
us.blastingnews.com	center	center
bigthink.com	center	center
bnd.com	center	center
bignewsnetwork.com	center	center
bettergov.org	center	center
bellingcat.com	center	center
dailycaller.com	right	conservative
en.bbarta24.net	center	center
belfercenter.org	center	center
thedailyliberator.com	right	conservative
express.co.uk	right	conservative
baxterbulletin.com	center	center
dailysabah.com	right	conservative
dailysignal.com	right	conservative
crisismagazine.com	right	conservative
cowgernation.com	right	conservative
crimeresearch.org	right	conservative
conservativeopinion.com	right	conservative
conservativetoday.com	right	conservative
conservativehq.com	right	conservative
conservativeinstitute.org	right	conservative
conservativereview.com	right	conservative
conservativedailynews.com	right	conservative
conservativebase.com	right	conservative
commdiginews.com	right	conservative
nccivitas.org	right	conservative
commentarymagazine.com	right	conservative
city-journal.org	right	conservative
claremont.org	right	conservative
citizensunited.org	right	conservative
colddeadhands.us	right	conservative
chroniclesmagazine.org	right	conservative
citizenfreepress.com	right	conservative
chicksonright.com	right	conservative
cc.org	right	conservative
christianheadlines.com	right	conservative
christiannewsalerts.com	right	conservative
christiantoday.com	right	conservative
christianpost.com	right	conservative
freedomandprosperity.org	right	conservative
capitalresearch.org	right	conservative
charlotteobserver.com	leftcenter	liberal
campaignlifecoalition.com	right	conservative
ca-political.com	right	conservative
campusreform.org	right	conservative
wvgazettemail.com	leftcenter	liberal
cheddar.com	leftcenter	liberal
focustaiwan.tw	leftcenter	liberal
channel4.com	leftcenter	liberal
publicintegrity.org	leftcenter	liberal
populardemocracy.org	leftcenter	liberal
centerforinquiry.org	leftcenter	liberal
cbpp.org	leftcenter	liberal
cnas.org	leftcenter	liberal
internationalpolicy.org	leftcenter	liberal
cgdev.org	leftcenter	liberal
c4ads.org	leftcenter	liberal
america.cgtn.com	leftcenter	liberal
boston.cbslocal.com	leftcenter	liberal
carolinapublicpress.org	leftcenter	liberal
catchnews.com	leftcenter	liberal
cbsnews.com	leftcenter	liberal
cbc.ca	leftcenter	liberal
carnegieendowment.org	leftcenter	liberal
caribbeanlifenews.com	leftcenter	liberal
capitalgazette.com	leftcenter	liberal
calwatchdog.com	leftcenter	liberal
canadalandshow.com	leftcenter	liberal
buzzfeed.com	leftcenter	liberal
bustle.com	leftcenter	liberal
buffalonews.com	leftcenter	liberal
businessinsider.com	leftcenter	liberal
brookings.edu	leftcenter	liberal
bramptonguardian.com	leftcenter	liberal
bostonglobe.com	leftcenter	liberal
brennancenter.org	leftcenter	liberal
boston.com	leftcenter	liberal
bluestemprairie.com	leftcenter	liberal
bloomberg.com	leftcenter	liberal
birminghammail.co.uk	leftcenter	liberal
billmoyers.com	leftcenter	liberal
berkshireeagle.com	leftcenter	liberal
bing.com	leftcenter	liberal
berkeleyside.com	leftcenter	liberal
bellinghamherald.com	leftcenter	liberal
21stcenturywire.com	conspiracy	conservative
bangkokpost.com	center	center
secondamendmentdaily.com	fake-news	conservative
ballotpedia.org	center	center
apnews.com	center	center
atlasobscura.com	center	center
asiatimes.com	center	center
courier-tribune.com	center	center
arstechnica.com	center	center
azcapitoltimes.com	center	center
armytimes.com	center	center
arcdigital.media	center	center
americanpressinstitute.org	center	center
news.amomama.com	center	center
independentmail.com	center	center
americanmilitarynews.com	center	center
allafrica.com	center	center
alreporter.com	center	center
amarillo.com	center	center
altoday.com	center	center
democratherald.com	center	center
english.alarabiya.net	center	center
airwars.org	center	center
agerpres.ro	center	center
eng.majalla.com	center	center
ansa.it	center	center
afp.com	center	center
africanews.com	center	center
adweek.com	center	center
americanheritage.com	center	center
albawaba.com	center	center
airforcetimes.com	center	center
news.abs-cbn.com	center	center
securingdemocracy.gmfus.org	center	center
adfontesmedia.com	center	center
1010wins.radio.com	center	center
abc12.com	center	center
brexitcentral.com	right	conservative
boundingintocomics.com	right	conservative
buzzsawpolitics.com	right	conservative
defensemaven.io	right	conservative
12news.com	center	center
bizpacreview.com	right	conservative
bearingarms.com	right	conservative
beliefnet.com	right	conservative
38north.org	center	center
axiomnewsnetwork.com	right	conservative
blabber.buzz	right	conservative
aina.org	right	conservative
armstrongeconomics.com	right	conservative
arizonadailyindependent.com	right	conservative
aa.com.tr	right	conservative
badgerinstitute.org	right	conservative
amimagazine.org	right	conservative
spectator.org	right	conservative
ammoland.com	right	conservative
alec.org	right	conservative
americanlibertyreport.com	right	conservative
amgreatness.com	right	conservative
aei.org	right	conservative
americanconsequences.com	right	conservative
aclj.org	right	conservative
altnewsmedia.net	right	conservative
amac.us	right	conservative
afpc.org	right	conservative
academia.org	right	conservative
aim.org	right	conservative
2ndvote.com	right	conservative
battlecreekenquirer.com	leftcenter	liberal
acting-man.com	right	conservative
americansforprosperity.org	right	conservative
baptistnews.com	leftcenter	liberal
bangordailynews.com	leftcenter	liberal
a1apac.org	right	conservative
bjreview.com	leftcenter	liberal
axios.com	leftcenter	liberal
avclub.com	leftcenter	liberal
austindailyherald.com	leftcenter	liberal
statesman.com	leftcenter	liberal
balkaninsight.com	leftcenter	liberal
attn.com	leftcenter	liberal
atlanticmedia.com	leftcenter	liberal
theatlantic.com	leftcenter	liberal
baltimoresun.com	leftcenter	liberal
atlantablackstar.com	leftcenter	liberal
asiancorrespondent.com	leftcenter	liberal
backchannel.com	leftcenter	liberal
bbc.com	leftcenter	liberal
asiasentinel.com	leftcenter	liberal
ajc.com	leftcenter	liberal
magazine.atavist.com	leftcenter	liberal
citizen-times.com	leftcenter	liberal
armscontrol.org	leftcenter	liberal
azdailysun.com	leftcenter	liberal
arktimes.com	leftcenter	liberal
azcentral.com	leftcenter	liberal
tucson.com	leftcenter	liberal
areomagazine.com	leftcenter	liberal
aranews.net	leftcenter	liberal
apmreports.org	leftcenter	liberal
aol.com	leftcenter	liberal
adl.org	leftcenter	liberal
annistonstar.com	leftcenter	liberal
amnesty.org	leftcenter	liberal
almasdarnews.com	leftcenter	liberal
alhayat.com	leftcenter	liberal
americanpublicmedia.org	leftcenter	liberal
beaconjournal.com	leftcenter	liberal
al-monitor.com	leftcenter	liberal
aljazeera.com	leftcenter	liberal
anthropocenemagazine.org	leftcenter	liberal
ahvalnews.com	leftcenter	liberal
africanarguments.org	leftcenter	liberal
affinitymagazine.us	leftcenter	liberal
abovethelaw.com	leftcenter	liberal
abc.net.au	leftcenter	liberal
abc11.com	leftcenter	liberal
aeon.co	leftcenter	liberal
aclu.org	leftcenter	liberal
abcnews.go.com	leftcenter	liberal
abort73.com	right	conservative
americarisingpac.org	right	conservative
africacheck.org	center	center
680news.com	center	center
calgarysun.com	right	conservative
